﻿hotel_name,level,budget,location,sub_location,Closeness to Office(KM),Purpose,Meal Prep , Traveling with,"Crime Rate
Green --> 3 
Yellow -->2
Red --> 1","Emergency access(hospitality)
5-highest","Cleanliness
5-highest","user feedback
5-highest","Approved hotel
1- approved 
0- Not approved",Ammenities, Gender Spedific
DreamLand Hotel,50,<5000,COB ,Saravanampatti,0.5,STA,Veg,"Solo, Family",3,4,4,5,1,,"M, F"
Hotel Lemon Tree,50,<5000,COB ,KGISL SEZ IT park,0.25,LTA,Non-Veg,"Group , Solo, Family",2,4,3,3,1,,"M, F"
The Orbis,50,<5000,BLR,Kormangala,1.5,Business,Non-Veg,Solo,2,5,5,5,0,,F
Zone Stay,51,<5000,BLR,Madiwala,2.5,STA,Veg,"Solo, Family",1,3,3,3,1,,"M, F"
Holiday Stay,51,<5000,COB ,Gandhipuram,4,LTA,Non-Veg,"Group , Solo, Family",3,2,4,4,0,,"M, F"
The Castello,52,"5000-10,000",COB ,Vellankuruchi,3,STA,Veg,"Solo, Family",2,1,4.5,4,1,,"M, F"
The Park stay,52,"5000-10,000",BLR,Jayanagar,7,Business,Non-Veg,"Group, Family",3,4,3,3,0,,"M, F"
Hotel Heritage,52,"5000-10,000",BLR,Kormangala,0.5,LTA,Veg,"Solo, Family",3,3,3.5,2,1,,"M, F"
Mayfair,53,"5000-10,000",COB ,Saravanampatti,0.75,STA,Non-Veg,"Group , Solo, Family",2,5,5,5,0,,"M, F"
SriNa Hotel and Stay,53,"5000-10,000",BLR,J.P. Nagar,1.5,LTA,Veg,"Solo, Family",2,3,2,4,0,,"M, F"
The Orbit and Stay,54,"10,000- 20,000",COB ,Saravanampatti,1.75,STA,Non-Veg,"Solo, Family",1,3,4,5,0,,"M, F"
The Zen Park,54,"10,000- 20,000",BLR,Majestic,10,LTA,Veg,"Solo, Family",3,2,3.5,3,1,,"M, F"
Hotel Chenthur,55,"10,000- 20,000",COB ,Thudiyalur,2.5,STA,Non-Veg,"Group , Solo, Family",2,5,4.5,4,1,,"M, F"
TAG HOTEL,55,"10,000- 20,000",BLR,Silk board,5,LTA,Veg,"Solo, Family",1,5,4,5,1,,"M, F"
Jenney's Residency,52,"10,000- 20,000",BLR,Madiwala,2,Business,Non-Veg,Solo,3,5,5,5,1,,M
